Workbook

Sheet 清洗后的数据
A1: 受访者ID | B1: 年级 | C1: 专业类别 | D1: 性别 | E1: AI使用频率 | F1: 每周AI使用时长（小时） | G1: 常用AI工具（多选） | H1: 最常使用场景 | I1: AI提升学习效率评分（1-5） | J1: AI回答准确性评分（1-5） | K1: 担心形成依赖程度（1-5） | L1: 未来继续使用意愿（1-5） | M1: 当前最大痛点 | N1: 最希望增加的功能 | O1: 愿意为AI学习服务付费 | P1: 开放建议 | Q1: 数据质量标记
A2: R001 | B2: 大三 | C2: 人文社科类 | D2: 女 | E2: 几乎每天 | F2: 6.8 | G2: 豆包；Claude；Gemini | H2: 写作/润色 | I2: 4 | J2: 3 | K2: 2 | L2: 4 | M2: 工具太多，不知道怎么选 | N2: 写作与润色助手 | O2: 6-10元/月 | P2: 如果能把不同AI工具整合到一个入口会方便很多。
A3: R002 | B3: 大二 | C3: 人文社科类 | D3: 男 | E3: 每周3-5次 | F3: 6.3 | G3: DeepSeek；Kimi | H3: 编程/调试 | I3: 2 | J3: 3 | K3: 2 | L3: 4 | M3: 工具太多，不知道怎么选 | N3: 写作与润色助手 | O3: 不愿付费 | P3: 如果能把不同AI工具整合到一个入口会方便很多。
A4: R003 | B4: 大四 | C4: 理工类 | D4: 女 | E4: 每周1-2次 | F4: 2.3 | G4: Gemini；DeepSeek | H4: 资料检索 | I4: 3 | J4: 3 | K4: 3 | L4: 4 | M4: 容易产生依赖 | N4: AI工具选择推荐 | O4: 6-10元/月 | P4: 主要担心AI一本正经地给出错误答案。
A5: R004 | B5: 大二 | C5: 理工类 | D5: 男 | E5: 每周3-5次 | F5: 6 | G5: DeepSeek；Gemini；通义千问 | H5: 编程/调试 | I5: 4 | J5: 3 | K5: 4 | L5: 3 | M5: 容易产生依赖 | N5: 代码学习与调试 | O5: 5元/月以内 | P5: 学校课程如果能教怎么正确使用AI会更好。
A6: R005 | B6: 大一 | C6: 医学类 | D6: 女 | E6: 每周1-2次 | F6: 2 | G6: Gemini；Claude | H6: 头脑风暴/方案生成 | I6: 4 | J6: 4 | K6: 3 | L6: 3 | M6: 工具太多，不知道怎么选 | N6: 提示词模板与指导 | O6: 不愿付费 | P6: 主要担心AI一本正经地给出错误答案。
A7: R006 | B7: 大三 | C7: 艺术设计类 | D7: 男 | E7: 每周1-2次 | F7: 1.2 | G7: Claude；DeepSeek；文心一言 | H7: 写作/润色 | I7: 4 | J7: 3 | K7: 3 | L7: 2 | M7: 内容同质化/缺少个性 | N7: 写作与润色助手 | O7: 5元/月以内
A8: R007 | B8: 大四 | C8: 艺术设计类 | D8: 男 | E8: 每周1-2次 | F8: 2.2 | G8: Kimi；Claude | H8: 头脑风暴/方案生成 | I8: 3 | J8: 3 | K8: 4 | L8: 4 | M8: 不知道怎么提问 | N8: 课程资料智能问答 | O8: 6-10元/月 | P8: 主要担心AI一本正经地给出错误答案。
A9: R008 | B9: 大一 | C9: 人文社科类 | D9: 女 | E9: 每周1-2次 | F9: 3.4 | G9: 豆包；DeepSeek | H9: 写作/润色 | I9: 4 | J9: 4 | K9: 3 | L9: 3 | M9: 回答不够准确 | N9: 代码学习与调试 | O9: 5元/月以内 | P9: 希望回答时能直接给出处和原文链接。
A10: R009 | B10: 大一 | C10: 人文社科类 | D10: 不愿透露 | E10: 每周3-5次 | F10: 5.6 | G10: Kimi；豆包 | H10: 写作/润色 | I10: 4 | J10: 2 | K10: 4 | L10: 5 | M10: 不知道怎么提问 | N10: 提示词模板与指导 | O10: 5元/月以内
A11: R010 | B11: 大三 | C11: 人文社科类 | D11: 男 | E11: 几乎每天 | F11: 10.8 | G11: Claude；Gemini；通义千问；文心一言 | H11: 写作/润色 | I11: 4 | J11: 4 | K11: 4 | L11: 4 | M11: 回答不够准确 | N11: 写作与润色助手 | O11: 不愿付费 | P11: 希望回答时能直接给出处和原文链接。
A12: R011 | B12: 大四 | C12: 理工类 | D12: 女 | E12: 每周1-2次 | F12: 1.8 | G12: Kimi；通义千问 | H12: 编程/调试 | I12: 4 | J12: 2 | K12: 4 | L12: 2 | M12: 回答不够准确 | N12: 写作与润色助手 | O12: 不愿付费
A13: R012 | B13: 大一 | C13: 人文社科类 | D13: 女 | E13: 几乎每天 | F13: 5.3 | G13: Claude；豆包 | H13: 写作/润色 | I13: 5 | J13: 3 | K13: 5 | L13: 5 | M13: 不知道怎么提问 | N13: 可靠来源/引用核验 | O13: 5元/月以内
A14: R013 | B14: 大二 | C14: 经管类 | D14: 女 | E14: 每周3-5次 | F14: 5.4 | G14: Kimi；Claude | H14: 资料检索 | I14: 4 | J14: 3 | K14: 4 | L14: 4 | M14: 不知道怎么提问 | N14: 提示词模板与指导 | O14: 20元/月以上 | P14: 如果能针对课程资料回答会更实用。
A15: R014 | B15: 大三 | C15: 人文社科类 | D15: 女 | E15: 几乎每天 | F15: 11.3 | G15: 通义千问；Gemini；Kimi | H15: 资料检索 | I15: 4 | J15: 4 | K15: 4 | L15: 4 | M15: 隐私与数据安全担忧 | N15: 提示词模板与指导 | O15: 11-20元/月 | P15: 希望回答时能直接给出处和原文链接。
A16: R015 | B16: 大三 | C16: 医学类 | D16: 女 | E16: 几乎不用 | F16: 0.4 | G16: Claude | H16: 资料检索 | I16: 3 | J16: 3 | K16: 3 | L16: 2 | M16: 回答不够准确 | N16: 提示词模板与指导 | O16: 11-20元/月 | P16: 希望能根据我的错题和笔记做复习计划。
A17: R016 | B17: 大二 | C17: 医学类 | D17: 女 | E17: 每周3-5次 | F17: 2.9 | G17: ChatGPT；Gemini；豆包 | H17: 资料检索 | I17: 4 | J17: 4 | K17: 3 | L17: 3 | M17: 不知道怎么提问 | N17: 提示词模板与指导 | O17: 20元/月以上 | P17: 希望能根据我的错题和笔记做复习计划。
A18: R017 | B18: 大一 | C18: 理工类 | D18: 女 | E18: 几乎不用 | F18: 0 | G18: 未固定使用 | H18: 作业答疑 | I18: 2 | J18: 3 | K18: 2 | L18: 1 | M18: 回答不够准确 | N18: 写作与润色助手 | O18: 5元/月以内
A19: R018 | B19: 大一 | C19: 人文社科类 | D19: 男 | E19: 每月1-3次 | F19: 1.3 | G19: Gemini | H19: 资料检索 | I19: 3 | J19: 2 | K19: 4 | L19: 2 | M19: 工具太多，不知道怎么选 | N19: 提示词模板与指导 | O19: 5元/月以内
A20: R019 | B20: 大二 | C20: 医学类 | D20: 男 | E20: 每月1-3次 | F20: 1.1 | G20: DeepSeek | H20: 翻译 | I20: 2 | J20: 2 | K20: 2 | L20: 3 | M20: 不知道怎么提问 | N20: 提示词模板与指导 | O20: 不愿付费
A21: R020 | B21: 大四 | C21: 经管类 | D21: 女 | E21: 几乎每天 | F21: 11.9 | G21: DeepSeek；文心一言；ChatGPT | H21: 写作/润色 | I21: 4 | J21: 2 | K21: 5 | L21: 4 | M21: 隐私与数据安全担忧 | N21: 写作与润色助手 | O21: 6-10元/月 | P21: 希望回答时能直接给出处和原文链接。
A22: R021 | B22: 大二 | C22: 医学类 | D22: 女 | E22: 每周3-5次 | F22: 4.5 | G22: 通义千问；Claude；DeepSeek；Gemini | H22: 头脑风暴/方案生成 | I22: 3 | J22: 4 | K22: 3 | L22: 4 | M22: 不知道怎么提问 | N22: 提示词模板与指导 | O22: 5元/月以内 | P22: 学校课程如果能教怎么正确使用AI会更好。
A23: R022 | B23: 大一 | C23: 艺术设计类 | D23: 男 | E23: 几乎不用 | F23: 0.6 | G23: Gemini | H23: 资料检索 | I23: 3 | J23: 3 | K23: 3 | L23: 2 | M23: 隐私与数据安全担忧 | N23: 课程资料智能问答 | O23: 6-10元/月 | P23: 如果能把不同AI工具整合到一个入口会方便很多。
A24: R023 | B24: 大三 | C24: 理工类 | D24: 女 | E24: 几乎每天 | F24: 9.2 | G24: ChatGPT；Claude；豆包 | H24: 写作/润色 | I24: 4 | J24: 3 | K24: 2 | L24: 4 | M24: 内容同质化/缺少个性 | N24: 提示词模板与指导 | O24: 5元/月以内
A25: R024 | B25: 大二 | C25: 理工类 | D25: 男 | E25: 每周3-5次 | F25: 5.9 | G25: ChatGPT；Gemini | H25: 作业答疑 | I25: 4 | J25: 4 | K25: 3 | L25: 4 | M25: 不知道怎么提问 | N25: AI工具选择推荐 | O25: 11-20元/月 | P25: 主要担心AI一本正经地给出错误答案。
A26: R025 | B26: 大二 | C26: 艺术设计类 | D26: 男 | E26: 每周3-5次 | F26: 6.5 | G26: DeepSeek；通义千问 | H26: 写作/润色 | I26: 3 | J26: 3 | K26: 4 | L26: 5 | M26: 隐私与数据安全担忧 | N26: 提示词模板与指导 | O26: 6-10元/月 | P26: 希望能根据我的错题和笔记做复习计划。
A27: R026 | B27: 大二 | C27: 医学类 | D27: 男 | E27: 每月1-3次 | F27: 1 | G27: DeepSeek；文心一言 | H27: 写作/润色 | I27: 3 | J27: 5 | K27: 3 | L27: 2 | M27: 工具太多，不知道怎么选 | N27: 错题/知识点总结 | O27: 不愿付费 | P27: 主要担心AI一本正经地给出错误答案。
A28: R027 | B28: 大三 | C28: 经管类 | D28: 女 | E28: 几乎每天 | F28: 11.3 | G28: ChatGPT；文心一言；通义千问 | H28: 写作/润色 | I28: 4 | J28: 4 | K28: 4 | L28: 4 | M28: 容易产生依赖 | N28: 可靠来源/引用核验 | O28: 6-10元/月 | P28: 写作很方便，但不希望最后大家的内容都差不多。
A29: R028 | B29: 大一 | C29: 理工类 | D29: 女 | E29: 几乎每天 | F29: 9.6 | G29: ChatGPT；通义千问；Gemini；Kimi | H29: 编程/调试 | I29: 5 | J29: 3 | K29: 4 | L29: 4 | M29: 容易产生依赖 | N29: 课程资料智能问答 | O29: 11-20元/月 | P29: 学校课程如果能教怎么正确使用AI会更好。
A30: R029 | B30: 大三 | C30: 经管类 | D30: 女 | E30: 每周1-2次 | F30: 1.4 | G30: Gemini；Claude | H30: 作业答疑 | I30: 3 | J30: 2 | K30: 4 | L30: 4 | M30: 不知道怎么提问 | N30: 提示词模板与指导 | O30: 5元/月以内
A31: R030 | B31: 大二 | C31: 人文社科类 | D31: 女 | E31: 几乎不用 | F31: 0.2 | G31: 未固定使用 | H31: 作业答疑 | I31: 3 | J31: 2 | K31: 3 | L31: 2 | M31: 不知道怎么提问 | N31: 代码学习与调试 | O31: 不愿付费 | P31: 主要担心AI一本正经地给出错误答案。
A32: R031 | B32: 大三 | C32: 经管类 | D32: 男 | E32: 每周3-5次 | F32: 4.1 | G32: 通义千问；豆包 | H32: 资料检索 | I32: 4 | J32: 4 | K32: 3 | L32: 4 | M32: 不知道怎么提问 | N32: AI工具选择推荐 | O32: 不愿付费
A33: R032 | B33: 大二 | C33: 经管类 | D33: 女 | E33: 每周3-5次 | F33: 4 | G33: Claude；DeepSeek | H33: 资料检索 | I33: 3 | J33: 4 | K33: 3 | L33: 3 | M33: 隐私与数据安全担忧 | N33: 可靠来源/引用核验 | O33: 6-10元/月
A34: R033 | B34: 大三 | C34: 艺术设计类 | D34: 女 | E34: 每周1-2次 | F34: 3.4 | G34: ChatGPT | H34: 翻译 | I34: 2 | J34: 3 | K34: 3 | L34: 4 | M34: 不知道怎么提问 | N34: 错题/知识点总结 | O34: 5元/月以内
A35: R034 | B35: 大三 | C35: 理工类 | D35: 女 | E35: 每周3-5次 | F35: 3.9 | G35: 豆包；文心一言 | H35: 编程/调试 | I35: 4 | J35: 2 | K35: 3 | L35: 3 | M35: 容易产生依赖 | N35: 写作与润色助手 | O35: 5元/月以内 | P35: 有时候不知道怎么写提示词，结果质量差异很大。
A36: R035 | B36: 大三 | C36: 理工类 | D36: 女 | E36: 几乎每天 | F36: 8.2 | G36: 豆包；Claude | H36: 头脑风暴/方案生成 | I36: 5 | J36: 4 | K36: 3 | L36: 4 | M36: 不知道怎么提问 | N36: 课程资料智能问答 | O36: 6-10元/月
A37: R036 | B37: 大一 | C37: 经管类 | D37: 女 | E37: 每周1-2次 | F37: 1.2 | G37: 通义千问；Kimi | H37: 写作/润色 | I37: 3 | J37: 2 | K37: 3 | L37: 4 | M37: 不知道怎么提问 | N37: 提示词模板与指导 | O37: 20元/月以上 | P37: 有时候不知道怎么写提示词，结果质量差异很大。
A38: R037 | B38: 大二 | C38: 经管类 | D38: 女 | E38: 每周3-5次 | F38: 5.9 | G38: Kimi；Claude；豆包；Gemini | H38: 头脑风暴/方案生成 | I38: 4 | J38: 3 | K38: 3 | L38: 5 | M38: 隐私与数据安全担忧 | N38: 提示词模板与指导 | O38: 不愿付费
A39: R038 | B39: 大二 | C39: 艺术设计类 | D39: 女 | E39: 每月1-3次 | F39: 0.8 | G39: Gemini；Claude | H39: 头脑风暴/方案生成 | I39: 2 | J39: 1 | K39: 2 | L39: 3 | M39: 不知道怎么提问 | N39: 错题/知识点总结 | O39: 5元/月以内 | P39: 写作很方便，但不希望最后大家的内容都差不多。
A40: R039 | B40: 大二 | C40: 人文社科类 | D40: 男 | E40: 每周3-5次 | F40: 5.7 | G40: Claude；Gemini；DeepSeek；ChatGPT | H40: 头脑风暴/方案生成 | I40: 5 | J40: 5 | K40: 3 | L40: 4 | M40: 回答不够准确 | N40: 错题/知识点总结 | O40: 20元/月以上 | P40: 主要担心AI一本正经地给出错误答案。
A41: R040 | B41: 大二 | C41: 理工类 | D41: 男 | E41: 几乎不用 | F41: 0.5 | G41: 未固定使用 | H41: 作业答疑 | I41: 3 | J41: 3 | K41: 2 | L41: 3 | M41: 内容同质化/缺少个性 | N41: 提示词模板与指导 | O41: 5元/月以内 | P41: 如果能把不同AI工具整合到一个入口会方便很多。
A42: R041 | B42: 大四 | C42: 理工类 | D42: 女 | E42: 几乎每天 | F42: 7.6 | G42: Gemini；通义千问；豆包；Claude | H42: 头脑风暴/方案生成 | I42: 4 | J42: 4 | K42: 5 | L42: 4 | M42: 回答不够准确 | N42: 错题/知识点总结 | O42: 6-10元/月 | P42: 如果能把不同AI工具整合到一个入口会方便很多。
A43: R042 | B43: 大一 | C43: 经管类 | D43: 女 | E43: 每周3-5次 | F43: 5.4 | G43: ChatGPT；文心一言；Kimi | H43: 资料检索 | I43: 4 | J43: 3 | K43: 3 | L43: 4 | M43: 隐私与数据安全担忧 | N43: 可靠来源/引用核验 | O43: 11-20元/月 | P43: 希望回答时能直接给出处和原文链接。
A44: R043 | B44: 大二 | C44: 人文社科类 | D44: 男 | E44: 每周3-5次 | F44: 3.6 | G44: Gemini；ChatGPT | H44: 头脑风暴/方案生成 | I44: 4 | J44: 3 | K44: 5 | L44: 4 | M44: 内容同质化/缺少个性 | N44: AI工具选择推荐 | O44: 不愿付费 | P44: 希望回答时能直接给出处和原文链接。
A45: R044 | B45: 大三 | C45: 人文社科类 | D45: 男 | E45: 几乎每天 | F45: 9.1 | G45: 文心一言；Gemini；ChatGPT | H45: 作业答疑 | I45: 3 | J45: 3 | K45: 5 | L45: 4 | M45: 容易产生依赖 | N45: 提示词模板与指导 | O45: 5元/月以内 | P45: 希望回答时能直接给出处和原文链接。
A46: R045 | B46: 大一 | C46: 经管类 | D46: 男 | E46: 每周3-5次 | F46: 3.9 | G46: DeepSeek；Claude | H46: 写作/润色 | I46: 3 | J46: 4 | K46: 3 | L46: 4 | M46: 回答不够准确 | N46: 课程资料智能问答 | O46: 不愿付费
A47: R046 | B47: 大三 | C47: 经管类 | D47: 女 | E47: 几乎每天 | F47: 7.1 | G47: DeepSeek；Gemini | H47: 资料检索 | I47: 4 | J47: 4 | K47: 4 | L47: 4 | M47: 回答不够准确 | N47: 可靠来源/引用核验 | O47: 6-10元/月 | P47: 希望回答时能直接给出处和原文链接。
A48: R047 | B48: 大一 | C48: 理工类 | D48: 男 | E48: 几乎每天 | F48: 6.9 | G48: 文心一言；DeepSeek；ChatGPT；豆包 | H48: 头脑风暴/方案生成 | I48: 4 | J48: 4 | K48: 3 | L48: 4 | M48: 内容同质化/缺少个性 | N48: 课程资料智能问答 | O48: 5元/月以内
A49: R048 | B49: 大二 | C49: 医学类 | D49: 男 | E49: 每周3-5次 | F49: 4.5 | G49: 文心一言；Kimi；Claude | H49: 写作/润色 | I49: 4 | J49: 4 | K49: 4 | L49: 4 | M49: 容易产生依赖 | N49: 写作与润色助手 | O49: 5元/月以内
A50: R049 | B50: 大二 | C50: 经管类 | D50: 女 | E50: 每周3-5次 | F50: 5 | G50: 通义千问；Claude；ChatGPT | H50: 头脑风暴/方案生成 | I50: 5 | J50: 2 | K50: 4 | L50: 3 | M50: 回答不够准确 | N50: 错题/知识点总结 | O50: 不愿付费 | P50: 学校课程如果能教怎么正确使用AI会更好。
A51: R050 | B51: 大二 | C51: 医学类 | D51: 女 | E51: 每周3-5次 | F51: 5.9 | G51: Kimi；ChatGPT | H51: 写作/润色 | I51: 4 | J51: 4 | K51: 4 | L51: 2 | M51: 内容同质化/缺少个性 | N51: 写作与润色助手 | O51: 20元/月以上 | P51: 主要担心AI一本正经地给出错误答案。
A52: R051 | B52: 大四 | C52: 理工类 | D52: 女 | E52: 每周3-5次 | F52: 5.7 | G52: DeepSeek；文心一言 | H52: 作业答疑 | I52: 4 | J52: 3 | K52: 3 | L52: 4 | M52: 容易产生依赖 | N52: 代码学习与调试 | O52: 11-20元/月
A53: R052 | B53: 大二 | C53: 医学类 | D53: 男 | E53: 每周3-5次 | F53: 3.9 | G53: Claude；文心一言；DeepSeek | H53: 资料检索 | I53: 3 | J53: 3 | K53: 4 | L53: 4 | M53: 工具太多，不知道怎么选 | N53: AI工具选择推荐 | O53: 5元/月以内
A54: R053 | B54: 大三 | C54: 理工类 | D54: 男 | E54: 几乎每天 | F54: 9.3 | G54: ChatGPT；Claude；通义千问；Kimi | H54: 作业答疑 | I54: 5 | J54: 4 | K54: 5 | L54: 4 | M54: 不知道怎么提问 | N54: 可靠来源/引用核验 | O54: 11-20元/月 | P54: 学校课程如果能教怎么正确使用AI会更好。
A55: R054 | B55: 大二 | C55: 经管类 | D55: 男 | E55: 每周3-5次 | F55: 2.8 | G55: 通义千问；Kimi；Gemini | H55: 写作/润色 | I55: 3 | J55: 3 | K55: 3 | L55: 4 | M55: 回答不够准确 | N55: 课程资料智能问答 | O55: 5元/月以内 | P55: 写作很方便，但不希望最后大家的内容都差不多。
A56: R055 | B56: 大一 | C56: 经管类 | D56: 女 | E56: 几乎每天 | F56: 6.1 | G56: Gemini；通义千问；ChatGPT | H56: 翻译 | I56: 5 | J56: 5 | K56: 4 | L56: 4 | M56: 内容同质化/缺少个性 | N56: 提示词模板与指导 | O56: 5元/月以内
A57: R056 | B57: 大一 | C57: 理工类 | D57: 男 | E57: 每周3-5次 | F57: 5.2 | G57: 通义千问；Kimi | H57: 写作/润色 | I57: 4 | J57: 2 | K57: 4 | L57: 4 | M57: 工具太多，不知道怎么选 | N57: 课程资料智能问答 | O57: 11-20元/月 | P57: 主要担心AI一本正经地给出错误答案。
A58: R057 | B58: 大一 | C58: 人文社科类 | D58: 男 | E58: 每周3-5次 | F58: 4.9 | G58: 通义千问；ChatGPT | H58: 写作/润色 | I58: 4 | J58: 4 | K58: 3 | L58: 3 | M58: 不知道怎么提问 | N58: 写作与润色助手 | O58: 6-10元/月 | P58: 有时候不知道怎么写提示词，结果质量差异很大。
A59: R058 | B59: 大二 | C59: 医学类 | D59: 男 | E59: 每周1-2次 | F59: 1.3 | G59: DeepSeek | H59: 写作/润色 | I59: 3 | J59: 4 | K59: 2 | L59: 3 | M59: 容易产生依赖 | N59: 课程资料智能问答 | O59: 不愿付费 | P59: 写作很方便，但不希望最后大家的内容都差不多。
A60: R059 | B60: 大四 | C60: 经管类 | D60: 男 | E60: 每周1-2次 | F60: 2.3 | G60: 文心一言；豆包 | H60: 写作/润色 | I60: 3 | J60: 3 | K60: 3 | L60: 3 | M60: 不知道怎么提问 | N60: 错题/知识点总结 | O60: 不愿付费 | P60: 如果能针对课程资料回答会更实用。
A61: R060 | B61: 大一 | C61: 理工类 | D61: 男 | E61: 每月1-3次 | F61: 1.5 | G61: 通义千问；文心一言 | H61: 翻译 | I61: 3 | J61: 3 | K61: 2 | L61: 3 | M61: 回答不够准确 | N61: 提示词模板与指导 | O61: 不愿付费 | P61: 希望回答时能直接给出处和原文链接。
A62: R061 | B62: 大三 | C62: 人文社科类 | D62: 女 | E62: 几乎每天 | F62: 5.2 | G62: Gemini；通义千问；ChatGPT | H62: 头脑风暴/方案生成 | I62: 4 | J62: 4 | K62: 2 | L62: 5 | M62: 内容同质化/缺少个性 | N62: 提示词模板与指导 | O62: 20元/月以上 | P62: 希望能根据我的错题和笔记做复习计划。
A63: R062 | B63: 大一 | C63: 人文社科类 | D63: 女 | E63: 几乎每天 | F63: 11.3 | G63: Gemini；ChatGPT；Claude | H63: 资料检索 | I63: 4 | J63: 3 | K63: 4 | L63: 5 | M63: 容易产生依赖 | N63: 课程资料智能问答 | O63: 不愿付费 | P63: 学校课程如果能教怎么正确使用AI会更好。
A64: R063 | B64: 大二 | C64: 人文社科类 | D64: 男 | E64: 每周1-2次 | F64: 1.4 | G64: Claude；ChatGPT | H64: 写作/润色 | I64: 3 | J64: 3 | K64: 2 | L64: 3 | M64: 回答不够准确 | N64: AI工具选择推荐 | O64: 不愿付费 | P64: 有时候不知道怎么写提示词，结果质量差异很大。
A65: R064 | B65: 大一 | C65: 艺术设计类 | D65: 女 | E65: 每周1-2次 | F65: 3 | G65: Gemini；Kimi | H65: 头脑风暴/方案生成 | I65: 4 | J65: 3 | K65: 3 | L65: 4 | M65: 回答不够准确 | N65: 可靠来源/引用核验 | O65: 5元/月以内
A66: R065 | B66: 大三 | C66: 经管类 | D66: 男 | E66: 几乎不用 | F66: 0.4 | G66: 未固定使用 | H66: 作业答疑 | I66: 2 | J66: 3 | K66: 3 | L66: 2 | M66: 容易产生依赖 | N66: 课程资料智能问答 | O66: 6-10元/月
A67: R066 | B67: 大三 | C67: 医学类 | D67: 男 | E67: 每周3-5次 | F67: 5.4 | G67: 通义千问；Gemini；ChatGPT；Kimi | H67: 资料检索 | I67: 5 | J67: 3 | K67: 4 | L67: 4 | M67: 容易产生依赖 | N67: 课程资料智能问答 | O67: 5元/月以内 | P67: 如果能针对课程资料回答会更实用。
A68: R067 | B68: 大一 | C68: 人文社科类 | D68: 男 | E68: 每周3-5次 | F68: 6 | G68: Gemini；DeepSeek；Kimi | H68: 作业答疑 | I68: 4 | J68: 3 | K68: 4 | L68: 4 | M68: 容易产生依赖 | N68: 错题/知识点总结 | O68: 6-10元/月 | P68: 写作很方便，但不希望最后大家的内容都差不多。
A69: R068 | B69: 大二 | C69: 人文社科类 | D69: 女 | E69: 每周3-5次 | F69: 5.3 | G69: 文心一言；ChatGPT；豆包 | H69: 作业答疑 | I69: 3 | J69: 4 | K69: 3 | L69: 5 | M69: 不知道怎么提问 | N69: 可靠来源/引用核验 | O69: 11-20元/月
A70: R069 | B70: 大一 | C70: 人文社科类 | D70: 女 | E70: 每周1-2次 | F70: 3.5 | G70: Kimi；豆包；Claude | H70: 头脑风暴/方案生成 | I70: 4 | J70: 3 | K70: 3 | L70: 4 | M70: 隐私与数据安全担忧 | N70: 提示词模板与指导 | O70: 6-10元/月 | P70: 如果能把不同AI工具整合到一个入口会方便很多。
A71: R070 | B71: 大一 | C71: 人文社科类 | D71: 男 | E71: 每周3-5次 | F71: 3.2 | G71: ChatGPT；Kimi；通义千问 | H71: 资料检索 | I71: 3 | J71: 3 | K71: 3 | L71: 5 | M71: 内容同质化/缺少个性 | N71: AI工具选择推荐 | O71: 20元/月以上
A72: R071 | B72: 大三 | C72: 医学类 | D72: 女 | E72: 每周3-5次 | F72: 4.3 | G72: Claude；通义千问；文心一言 | H72: 编程/调试 | I72: 4 | J72: 3 | K72: 5 | L72: 4 | M72: 内容同质化/缺少个性 | N72: 课程资料智能问答 | O72: 不愿付费
A73: R072 | B73: 大一 | C73: 经管类 | D73: 女 | E73: 每周1-2次 | F73: 3 | G73: Gemini；Kimi | H73: 头脑风暴/方案生成 | I73: 3 | J73: 3 | K73: 3 | L73: 3 | M73: 工具太多，不知道怎么选 | N73: 提示词模板与指导 | O73: 5元/月以内
A74: R073 | B74: 大一 | C74: 经管类 | D74: 男 | E74: 几乎不用 | F74: 0.3 | G74: 通义千问 | H74: 作业答疑 | I74: 2 | J74: 3 | K74: 2 | L74: 2 | M74: 不知道怎么提问 | N74: 错题/知识点总结 | O74: 5元/月以内
A75: R074 | B75: 大四 | C75: 理工类 | D75: 男 | E75: 几乎每天 | F75: 5.4 | G75: Kimi；Gemini | H75: 翻译 | I75: 4 | J75: 4 | K75: 4 | L75: 5 | M75: 容易产生依赖 | N75: 可靠来源/引用核验 | O75: 6-10元/月 | P75: 希望回答时能直接给出处和原文链接。
A76: R075 | B76: 大一 | C76: 经管类 | D76: 女 | E76: 每周1-2次 | F76: 3.3 | G76: Gemini | H76: 资料检索 | I76: 5 | J76: 3 | K76: 3 | L76: 4 | M76: 隐私与数据安全担忧 | N76: 代码学习与调试 | O76: 5元/月以内
A77: R076 | B77: 大二 | C77: 理工类 | D77: 女 | E77: 几乎每天 | F77: 7.8 | G77: Kimi；Claude | H77: 头脑风暴/方案生成 | I77: 4 | J77: 3 | K77: 4 | L77: 5 | M77: 隐私与数据安全担忧 | N77: 提示词模板与指导 | O77: 不愿付费
A78: R077 | B78: 大二 | C78: 理工类 | D78: 女 | E78: 几乎每天 | F78: 10.4 | G78: 文心一言；通义千问；ChatGPT | H78: 头脑风暴/方案生成 | I78: 4 | J78: 4 | K78: 2 | L78: 5 | M78: 回答不够准确 | N78: AI工具选择推荐 | O78: 11-20元/月
A79: R078 | B79: 大二 | C79: 理工类 | D79: 女 | E79: 几乎不用 | F79: 0.4 | G79: 未固定使用 | H79: 作业答疑 | I79: 3 | J79: 3 | K79: 3 | L79: 2 | M79: 内容同质化/缺少个性 | N79: 写作与润色助手 | O79: 5元/月以内
A80: R079 | B80: 大三 | C80: 人文社科类 | D80: 女 | E80: 每周3-5次 | F80: 5 | G80: Gemini；Claude；ChatGPT | H80: 资料检索 | I80: 4 | J80: 3 | K80: 3 | L80: 3 | M80: 内容同质化/缺少个性 | N80: 课程资料智能问答 | O80: 不愿付费 | P80: 主要担心AI一本正经地给出错误答案。
A81: R080 | B81: 大四 | C81: 理工类 | D81: 男 | E81: 几乎每天 | F81: 7.1 | G81: Kimi；Claude；豆包 | H81: 头脑风暴/方案生成 | I81: 5 | J81: 4 | K81: 4 | L81: 5 | M81: 容易产生依赖 | N81: 课程资料智能问答 | O81: 11-20元/月 | P81: 学校课程如果能教怎么正确使用AI会更好。
A82: R081 | B82: 大二 | C82: 理工类 | D82: 男 | E82: 几乎每天 | F82: 7.2 | G82: DeepSeek；Kimi；ChatGPT | H82: 编程/调试 | I82: 4 | J82: 3 | K82: 3 | L82: 3 | M82: 不知道怎么提问 | N82: 提示词模板与指导 | O82: 6-10元/月
A83: R082 | B83: 大一 | C83: 人文社科类 | D83: 女 | E83: 每月1-3次 | F83: 0.5 | G83: Kimi | H83: 翻译 | I83: 4 | J83: 3 | K83: 2 | L83: 3 | M83: 工具太多，不知道怎么选 | N83: 代码学习与调试 | O83: 6-10元/月 | P83: 如果能针对课程资料回答会更实用。
A84: R083 | B84: 大二 | C84: 艺术设计类 | D84: 女 | E84: 每周1-2次 | F84: 2.7 | G84: Gemini；ChatGPT；文心一言 | H84: 作业答疑 | I84: 4 | J84: 3 | K84: 3 | L84: 3 | M84: 回答不够准确 | N84: 可靠来源/引用核验 | O84: 5元/月以内 | P84: 如果能把不同AI工具整合到一个入口会方便很多。
A85: R084 | B85: 大二 | C85: 理工类 | D85: 男 | E85: 每月1-3次 | F85: 0.8 | G85: 通义千问 | H85: 头脑风暴/方案生成 | I85: 3 | J85: 3 | K85: 3 | L85: 1 | M85: 不知道怎么提问 | N85: 可靠来源/引用核验 | O85: 5元/月以内
A86: R085 | B86: 大二 | C86: 理工类 | D86: 女 | E86: 每月1-3次 | F86: 0.6 | G86: 通义千问 | H86: 资料检索 | I86: 3 | J86: 3 | K86: 3 | L86: 3 | M86: 回答不够准确 | N86: 提示词模板与指导 | O86: 不愿付费 | P86: 学校课程如果能教怎么正确使用AI会更好。
A87: R086 | B87: 大二 | C87: 人文社科类 | D87: 女 | E87: 每周1-2次 | F87: 1.8 | G87: 文心一言 | H87: 翻译 | I87: 2 | J87: 2 | K87: 3 | L87: 4 | M87: 不知道怎么提问 | N87: 可靠来源/引用核验 | O87: 5元/月以内
A88: R087 | B88: 大三 | C88: 医学类 | D88: 男 | E88: 每周3-5次 | F88: 4.3 | G88: 通义千问；文心一言；ChatGPT | H88: 头脑风暴/方案生成 | I88: 4 | J88: 3 | K88: 3 | L88: 4 | M88: 工具太多，不知道怎么选 | N88: 错题/知识点总结 | O88: 不愿付费
A89: R088 | B89: 大一 | C89: 医学类 | D89: 女 | E89: 每周3-5次 | F89: 3 | G89: 通义千问；Claude；豆包 | H89: 资料检索 | I89: 3 | J89: 2 | K89: 4 | L89: 4 | M89: 回答不够准确 | N89: 可靠来源/引用核验 | O89: 6-10元/月 | P89: 有时候不知道怎么写提示词，结果质量差异很大。
A90: R089 | B90: 大四 | C90: 医学类 | D90: 男 | E90: 每周3-5次 | F90: 4.2 | G90: Gemini；文心一言；ChatGPT | H90: 资料检索 | I90: 4 | J90: 3 | K90: 4 | L90: 4 | M90: 工具太多，不知道怎么选 | N90: 写作与润色助手 | O90: 6-10元/月
A91: R090 | B91: 大二 | C91: 经管类 | D91: 女 | E91: 每周3-5次 | F91: 4.4 | G91: 文心一言；ChatGPT；通义千问 | H91: 头脑风暴/方案生成 | I91: 4 | J91: 4 | K91: 2 | L91: 5 | M91: 容易产生依赖 | N91: 提示词模板与指导 | O91: 5元/月以内
A92: R091 | B92: 大一 | C92: 经管类 | D92: 女 | E92: 几乎每天 | F92: 9.2 | G92: 文心一言；Claude；ChatGPT；Gemini | H92: 资料检索 | I92: 4 | J92: 3 | K92: 4 | L92: 5 | M92: 回答不够准确 | N92: 提示词模板与指导 | O92: 5元/月以内 | P92: 如果能针对课程资料回答会更实用。
A93: R092 | B93: 大四 | C93: 艺术设计类 | D93: 女 | E93: 每月1-3次 | F93: 0.7 | G93: Kimi；DeepSeek | H93: 头脑风暴/方案生成 | I93: 3 | J93: 3 | K93: 3 | L93: 3 | M93: 不知道怎么提问 | N93: 代码学习与调试 | O93: 5元/月以内 | P93: 希望能根据我的错题和笔记做复习计划。
A94: R093 | B94: 大四 | C94: 艺术设计类 | D94: 女 | E94: 每月1-3次 | F94: 0.7 | G94: Kimi；DeepSeek | H94: 头脑风暴/方案生成 | I94: 3 | J94: 3 | K94: 3 | L94: 3 | M94: 不知道怎么提问 | N94: 代码学习与调试 | O94: 5元/月以内 | P94: 希望能根据我的错题和笔记做复习计划。
A95: R094 | B95: 大三 | C95: 理工类 | D95: 男 | E95: 每周1-2次 | F95: 1.9 | G95: 文心一言；豆包；DeepSeek | H95: 头脑风暴/方案生成 | I95: 4 | J95: 2 | K95: 3 | L95: 3 | M95: 容易产生依赖 | N95: 可靠来源/引用核验 | O95: 5元/月以内 | P95: 如果能把不同AI工具整合到一个入口会方便很多。
A96: R095 | B96: 大三 | C96: 医学类 | D96: 不愿透露 | E96: 每周1-2次 | F96: 3 | G96: 文心一言；豆包；Gemini | H96: 作业答疑 | I96: 4 | J96: 4 | K96: 3 | L96: 3 | M96: 工具太多，不知道怎么选 | N96: 可靠来源/引用核验 | O96: 不愿付费 | P96: 如果能针对课程资料回答会更实用。
A97: R096 | B97: 大二 | C97: 人文社科类 | D97: 男 | E97: 每周3-5次 | F97: 3.7 | G97: DeepSeek；Kimi；ChatGPT | H97: 写作/润色 | I97: 2 | J97: 3 | K97: 3 | L97: 3 | M97: 回答不够准确 | N97: 可靠来源/引用核验 | O97: 6-10元/月
A98: R097 | B98: 大二 | C98: 理工类 | D98: 男 | E98: 几乎每天 | F98: 5.3 | G98: 文心一言；ChatGPT；Claude | H98: 头脑风暴/方案生成 | I98: 5 | J98: 3 | K98: 3 | L98: 4 | M98: 内容同质化/缺少个性 | N98: 提示词模板与指导 | O98: 5元/月以内 | P98: 希望能根据我的错题和笔记做复习计划。
A99: R098 | B99: 大一 | C99: 人文社科类 | D99: 男 | E99: 每周1-2次 | F99: 2.1 | G99: DeepSeek | H99: 资料检索 | I99: 3 | J99: 3 | K99: 2 | L99: 3 | M99: 回答不够准确 | N99: 提示词模板与指导 | O99: 不愿付费 | P99: 如果能针对课程资料回答会更实用。
A100: R099 | B100: 大三 | C100: 人文社科类 | D100: 男 | E100: 每周3-5次 | F100: 4.1 | G100: ChatGPT；通义千问；豆包；DeepSeek | H100: 作业答疑 | I100: 4 | J100: 3 | K100: 3 | L100: 5 | M100: 隐私与数据安全担忧 | N100: 可靠来源/引用核验 | O100: 6-10元/月 | P100: 如果能把不同AI工具整合到一个入口会方便很多。
...

Sheet 数据清洗说明
A1: 问题类型 | B1: 问题位置 | C1: 原始情况 | D1: 如何处理 | E1: 影响数量 | F1: 是否需要人工确认
A2: 重复数据 | B2: 原始数据第111行（R019） | C2: 与另一条记录各字段一致，仅开放建议单元格的底层空值存储方式不同 | D2: 删除重复记录，保留首次出现记录 | E2: 1 | F2: 否
A3: 无效或低质量数据 | B3: 原始数据第110行（R109） | C3: 除受访者ID外，所有题目均填写“无” | D3: 判定为明显无效问卷并删除 | E3: 1 | F3: 否
A4: 缺失数据 | B4: 开放建议列 | C4: 原始数据中空白/缺失 40 条 | D4: 保留空白，不进行填补 | E4: 40 | F4: 否
A5: 格式和类别不统一 | B5: 原始数据第44行（R043）·年级 | C5: '大二 ' | D5: 去除首尾空格：'大二' | E5: 1 | F5: 否
A6: 格式和类别不统一 | B6: 原始数据第107行（R106）·年级 | C6: '大二 ' | D6: 去除首尾空格：'大二' | E6: 1 | F6: 否
A7: 格式和类别不统一 | B7: 原始数据第107行（R106）·常用AI工具（多选） | C7: 'deepseek；Chat GPT' | D7: 统一AI工具名称写法/大小写：'DeepSeek；ChatGPT' | E7: 1 | F7: 否
A8: 缺失数据 | B8: 原始数据第18行（R017）·每周AI使用时长（小时） | C8: 原值缺失 | D8: 按人工确认结果填入 0 | E8: 1 | F8: 否
A9: 无效或低质量数据 | B9: 原始数据第106行（R105） | C9: AI使用频率、当前最大痛点缺失 | D9: 按人工确认结果删除该记录 | E9: 1 | F9: 否
A10: 异常数据 | B10: 原始数据第108行（R107） | C10: 每周AI使用时长=-2.5；四项1-5评分分别为6、0、7、9 | D10: 按人工确认结果删除该记录 | E10: 1 | F10: 否

Sheet 清洗汇总
A1: 原始记录数 | B1: 删除数 | C1: 修改数 | D1: 待确认数 | E1: 最终记录数
A2: 110 | B2: 4 | C2: 3 | D2: 0 | E2: 106
A4: 口径说明
A5: 删除数按删除的记录数统计；修改数按发生明确格式/类别修正的记录数统计；待确认数按需要人工核实的记录数统计。缺失值仅保留并记录，不计入修改数。

Sheet 年级_AI使用频率
A1: 不同年级（人数与组内占比）
A3: 年级 | B3: 几乎不用 | C3: 每月1-3次 | D3: 每周1-2次 | E3: 每周3-5次 | F3: 几乎每天 | G3: 合计 | H3: 样本占比
A4: 大一 | B4: =COUNTIFS(清洗后的数据!$B$2:$B$107,$A4,清洗后的数据!$E$2:$E$107,B$3) -> 3 | C4: =COUNTIFS(清洗后的数据!$B$2:$B$107,$A4,清洗后的数据!$E$2:$E$107,C$3) -> 4 | D4: =COUNTIFS(清洗后的数据!$B$2:$B$107,$A4,清洗后的数据!$E$2:$E$107,D$3) -> 9 | E4: =COUNTIFS(清洗后的数据!$B$2:$B$107,$A4,清洗后的数据!$E$2:$E$107,E$3) -> 8 | F4: =COUNTIFS(清洗后的数据!$B$2:$B$107,$A4,清洗后的数据!$E$2:$E$107,F$3) -> 6 | G4: =SUM(B4:F4) -> 30 | H4: =G4/SUM($G$4:$G$7) -> 0.28301887
A5: 大二 | B5: =COUNTIFS(清洗后的数据!$B$2:$B$107,$A5,清洗后的数据!$E$2:$E$107,B$3) -> 3 | C5: =COUNTIFS(清洗后的数据!$B$2:$B$107,$A5,清洗后的数据!$E$2:$E$107,C$3) -> 5 | D5: =COUNTIFS(清洗后的数据!$B$2:$B$107,$A5,清洗后的数据!$E$2:$E$107,D$3) -> 5 | E5: =COUNTIFS(清洗后的数据!$B$2:$B$107,$A5,清洗后的数据!$E$2:$E$107,E$3) -> 21 | F5: =COUNTIFS(清洗后的数据!$B$2:$B$107,$A5,清洗后的数据!$E$2:$E$107,F$3) -> 4 | G5: =SUM(B5:F5) -> 38 | H5: =G5/SUM($G$4:$G$7) -> 0.35849057
A6: 大三 | B6: =COUNTIFS(清洗后的数据!$B$2:$B$107,$A6,清洗后的数据!$E$2:$E$107,B$3) -> 2 | C6: =COUNTIFS(清洗后的数据!$B$2:$B$107,$A6,清洗后的数据!$E$2:$E$107,C$3) -> 0 | D6: =COUNTIFS(清洗后的数据!$B$2:$B$107,$A6,清洗后的数据!$E$2:$E$107,D$3) -> 5 | E6: =COUNTIFS(清洗后的数据!$B$2:$B$107,$A6,清洗后的数据!$E$2:$E$107,E$3) -> 8 | F6: =COUNTIFS(清洗后的数据!$B$2:$B$107,$A6,清洗后的数据!$E$2:$E$107,F$3) -> 11 | G6: =SUM(B6:F6) -> 26 | H6: =G6/SUM($G$4:$G$7) -> 0.24528302
A7: 大四 | B7: =COUNTIFS(清洗后的数据!$B$2:$B$107,$A7,清洗后的数据!$E$2:$E$107,B$3) -> 0 | C7: =COUNTIFS(清洗后的数据!$B$2:$B$107,$A7,清洗后的数据!$E$2:$E$107,C$3) -> 2 | D7: =COUNTIFS(清洗后的数据!$B$2:$B$107,$A7,清洗后的数据!$E$2:$E$107,D$3) -> 4 | E7: =COUNTIFS(清洗后的数据!$B$2:$B$107,$A7,清洗后的数据!$E$2:$E$107,E$3) -> 2 | F7: =COUNTIFS(清洗后的数据!$B$2:$B$107,$A7,清洗后的数据!$E$2:$E$107,F$3) -> 4 | G7: =SUM(B7:F7) -> 12 | H7: =G7/SUM($G$4:$G$7) -> 0.11320755
A8: 合计 | B8: =SUM(B4:B7) -> 8 | C8: =SUM(C4:C7) -> 11 | D8: =SUM(D4:D7) -> 23 | E8: =SUM(E4:E7) -> 39 | F8: =SUM(F4:F7) -> 25 | G8: =SUM(G4:G7) -> 106 | H8: =1 -> 1
A12: 年级（组内百分比） | B12: 几乎不用 | C12: 每月1-3次 | D12: 每周1-2次 | E12: 每周3-5次 | F12: 几乎每天 | G12: 合计
A13: 大一 | B13: =B4/$G4 -> 0.1 | C13: =C4/$G4 -> 0.13333333 | D13: =D4/$G4 -> 0.3 | E13: =E4/$G4 -> 0.26666667 | F13: =F4/$G4 -> 0.2 | G13: =SUM(B13:F13) -> 1
A14: 大二 | B14: =B5/$G5 -> 0.078947368 | C14: =C5/$G5 -> 0.13157895 | D14: =D5/$G5 -> 0.13157895 | E14: =E5/$G5 -> 0.55263158 | F14: =F5/$G5 -> 0.10526316 | G14: =SUM(B14:F14) -> 1
A15: 大三 | B15: =B6/$G6 -> 0.076923077 | C15: =C6/$G6 -> 0 | D15: =D6/$G6 -> 0.19230769 | E15: =E6/$G6 -> 0.30769231 | F15: =F6/$G6 -> 0.42307692 | G15: =SUM(B15:F15) -> 1
A16: 大四 | B16: =B7/$G7 -> 0 | C16: =C7/$G7 -> 0.16666667 | D16: =D7/$G7 -> 0.33333333 | E16: =E7/$G7 -> 0.16666667 | F16: =F7/$G7 -> 0.33333333 | G16: =SUM(B16:F16) -> 1
A19: 说明 | B19: 上表为人数；下表为各组内部百分比。右侧采用 100% 堆积条形图，便于比较不同组的 AI 使用频率构成差异。

Sheet 专业_AI使用频率
A1: 不同专业（人数与组内占比）
A3: 专业类别 | B3: 几乎不用 | C3: 每月1-3次 | D3: 每周1-2次 | E3: 每周3-5次 | F3: 几乎每天 | G3: 合计 | H3: 样本占比
A4: 人文社科类 | B4: =COUNTIFS(清洗后的数据!$C$2:$C$107,$A4,清洗后的数据!$E$2:$E$107,B$3) -> 1 | C4: =COUNTIFS(清洗后的数据!$C$2:$C$107,$A4,清洗后的数据!$E$2:$E$107,C$3) -> 3 | D4: =COUNTIFS(清洗后的数据!$C$2:$C$107,$A4,清洗后的数据!$E$2:$E$107,D$3) -> 5 | E4: =COUNTIFS(清洗后的数据!$C$2:$C$107,$A4,清洗后的数据!$E$2:$E$107,E$3) -> 11 | F4: =COUNTIFS(清洗后的数据!$C$2:$C$107,$A4,清洗后的数据!$E$2:$E$107,F$3) -> 7 | G4: =SUM(B4:F4) -> 27 | H4: =G4/SUM($G$4:$G$8) -> 0.25471698
A5: 理工类 | B5: =COUNTIFS(清洗后的数据!$C$2:$C$107,$A5,清洗后的数据!$E$2:$E$107,B$3) -> 3 | C5: =COUNTIFS(清洗后的数据!$C$2:$C$107,$A5,清洗后的数据!$E$2:$E$107,C$3) -> 3 | D5: =COUNTIFS(清洗后的数据!$C$2:$C$107,$A5,清洗后的数据!$E$2:$E$107,D$3) -> 3 | E5: =COUNTIFS(清洗后的数据!$C$2:$C$107,$A5,清洗后的数据!$E$2:$E$107,E$3) -> 5 | F5: =COUNTIFS(清洗后的数据!$C$2:$C$107,$A5,清洗后的数据!$E$2:$E$107,F$3) -> 12 | G5: =SUM(B5:F5) -> 26 | H5: =G5/SUM($G$4:$G$8) -> 0.24528302
A6: 经管类 | B6: =COUNTIFS(清洗后的数据!$C$2:$C$107,$A6,清洗后的数据!$E$2:$E$107,B$3) -> 2 | C6: =COUNTIFS(清洗后的数据!$C$2:$C$107,$A6,清洗后的数据!$E$2:$E$107,C$3) -> 0 | D6: =COUNTIFS(清洗后的数据!$C$2:$C$107,$A6,清洗后的数据!$E$2:$E$107,D$3) -> 7 | E6: =COUNTIFS(清洗后的数据!$C$2:$C$107,$A6,清洗后的数据!$E$2:$E$107,E$3) -> 10 | F6: =COUNTIFS(清洗后的数据!$C$2:$C$107,$A6,清洗后的数据!$E$2:$E$107,F$3) -> 5 | G6: =SUM(B6:F6) -> 24 | H6: =G6/SUM($G$4:$G$8) -> 0.22641509
A7: 医学类 | B7: =COUNTIFS(清洗后的数据!$C$2:$C$107,$A7,清洗后的数据!$E$2:$E$107,B$3) -> 1 | C7: =COUNTIFS(清洗后的数据!$C$2:$C$107,$A7,清洗后的数据!$E$2:$E$107,C$3) -> 2 | D7: =COUNTIFS(清洗后的数据!$C$2:$C$107,$A7,清洗后的数据!$E$2:$E$107,D$3) -> 3 | E7: =COUNTIFS(清洗后的数据!$C$2:$C$107,$A7,清洗后的数据!$E$2:$E$107,E$3) -> 11 | F7: =COUNTIFS(清洗后的数据!$C$2:$C$107,$A7,清洗后的数据!$E$2:$E$107,F$3) -> 0 | G7: =SUM(B7:F7) -> 17 | H7: =G7/SUM($G$4:$G$8) -> 0.16037736
A8: 艺术设计类 | B8: =COUNTIFS(清洗后的数据!$C$2:$C$107,$A8,清洗后的数据!$E$2:$E$107,B$3) -> 1 | C8: =COUNTIFS(清洗后的数据!$C$2:$C$107,$A8,清洗后的数据!$E$2:$E$107,C$3) -> 3 | D8: =COUNTIFS(清洗后的数据!$C$2:$C$107,$A8,清洗后的数据!$E$2:$E$107,D$3) -> 5 | E8: =COUNTIFS(清洗后的数据!$C$2:$C$107,$A8,清洗后的数据!$E$2:$E$107,E$3) -> 2 | F8: =COUNTIFS(清洗后的数据!$C$2:$C$107,$A8,清洗后的数据!$E$2:$E$107,F$3) -> 1 | G8: =SUM(B8:F8) -> 12 | H8: =G8/SUM($G$4:$G$8) -> 0.11320755
A9: 合计 | B9: =SUM(B4:B8) -> 8 | C9: =SUM(C4:C8) -> 11 | D9: =SUM(D4:D8) -> 23 | E9: =SUM(E4:E8) -> 39 | F9: =SUM(F4:F8) -> 25 | G9: =SUM(G4:G8) -> 106 | H9: =1 -> 1
A13: 专业类别（组内百分比） | B13: 几乎不用 | C13: 每月1-3次 | D13: 每周1-2次 | E13: 每周3-5次 | F13: 几乎每天 | G13: 合计
A14: 人文社科类 | B14: =B4/$G4 -> 0.037037037 | C14: =C4/$G4 -> 0.11111111 | D14: =D4/$G4 -> 0.18518519 | E14: =E4/$G4 -> 0.40740741 | F14: =F4/$G4 -> 0.25925926 | G14: =SUM(B14:F14) -> 1
A15: 理工类 | B15: =B5/$G5 -> 0.11538462 | C15: =C5/$G5 -> 0.11538462 | D15: =D5/$G5 -> 0.11538462 | E15: =E5/$G5 -> 0.19230769 | F15: =F5/$G5 -> 0.46153846 | G15: =SUM(B15:F15) -> 1
A16: 经管类 | B16: =B6/$G6 -> 0.083333333 | C16: =C6/$G6 -> 0 | D16: =D6/$G6 -> 0.29166667 | E16: =E6/$G6 -> 0.41666667 | F16: =F6/$G6 -> 0.20833333 | G16: =SUM(B16:F16) -> 1
A17: 医学类 | B17: =B7/$G7 -> 0.058823529 | C17: =C7/$G7 -> 0.11764706 | D17: =D7/$G7 -> 0.17647059 | E17: =E7/$G7 -> 0.64705882 | F17: =F7/$G7 -> 0 | G17: =SUM(B17:F17) -> 1
A18: 艺术设计类 | B18: =B8/$G8 -> 0.083333333 | C18: =C8/$G8 -> 0.25 | D18: =D8/$G8 -> 0.41666667 | E18: =E8/$G8 -> 0.16666667 | F18: =F8/$G8 -> 0.083333333 | G18: =SUM(B18:F18) -> 1
A21: 说明 | B21: 上表为人数；下表为各组内部百分比。右侧采用 100% 堆积条形图，便于比较不同组的 AI 使用频率构成差异。
